ID,NAME,EMAIL,ROLE
23,M.Nehal,nehalmemon73@gmail.com,Admin
111,usman,usman@gamil.com,vide admin
231,waqar,waqar@gamil.com,member
352,raza,raza32@gamil.com,member
321,Kaif Aslam,kaifaslam28@gmail.com,member
332,Zain Butt,zain.butt67@yahoo.com,Member
830,Umar Chaudhry,umar.chaudhry50@gmail.com,Member
176,Hamza Mirza,hamza.mirza80@hotmail.com,Member
939,Imran Chaudhry,imran.chaudhry27@gmail.com,Member
477,Ali Farooq,ali.farooq20@yahoo.com,member
698,Ahmed Malik,ahmed.malik97@yahoo.com,Member
900,Imran Raza,imran.raza41@yahoo.com,Member
754,Ahmed Khan,ahmed.khan61@gmail.com,Member
231,Umar Sheikh,umar.sheikh72@yahoo.com,member
276,Ali Farooq,ali.farooq24@gmail.com,Member
219,Ali Ahmed,ali.ahmed91@yahoo.com,Video Admin
969,Asad Malik,asad.malik41@gmail.com,Member
634,Saad Khan,saad.khan84@yahoo.com,Member
757,Bilal Raza,bilal.raza90@hotmail.com,Member
751,Zain Farooq,zain.farooq3@hotmail.com,Member
829,Hassan Farooq,hassan.farooq81@hotmail.com,Member
644,Ali Chaudhry,ali.chaudhry14@hotmail.com,Member
746,Hamza Raza,hamza.raza11@hotmail.com,Member
110,Zain Farooq,zain.farooq26@gmail.com,Member
352,Ali Farooq,ali.farooq3@gmail.com,Video Admin
694,Umar Chaudhry,umar.chaudhry22@yahoo.com,Video Admin
441,Saad Khan,saad.khan77@hotmail.com,Member
320,Hassan Qureshi,hassan.qureshi42@yahoo.com,Member
164,Hamza Butt,hamza.butt42@hotmail.com,Member
950,Hassan Chaudhry,hassan.chaudhry48@hotmail.com,Member
520,Bilal Farooq,bilal.farooq32@gmail.com,Member
817,Asad Raza,asad.raza59@yahoo.com,Member
188,Zain Butt,zain.butt61@hotmail.com,Video Admin
195,Saad Farooq,saad.farooq44@yahoo.com,Member
541,Saad Raza,saad.raza56@hotmail.com,Video Admin
638,Umar Raza,umar.raza59@gmail.com,Member
515,Zain Farooq,zain.farooq64@yahoo.com,Video Admin
509,Hamza Raza,hamza.raza37@hotmail.com,Member
196,Hamza Malik,hamza.malik67@yahoo.com,Video Admin
692,Zain Mirza,zain.mirza24@gmail.com,Admin
885,Asad Ahmed,asad.ahmed23@yahoo.com,Admin
172,Ali Sheikh,ali.sheikh22@yahoo.com,Video Admin
704,Saad Farooq,saad.farooq99@hotmail.com,Member
288,Ahmed Chaudhry,ahmed.chaudhry54@gmail.com,Video Admin
806,Umar Sheikh,umar.sheikh28@gmail.com,Video Admin
837,Saad Malik,saad.malik49@gmail.com,Video Admin
448,Zain Raza,zain.raza41@gmail.com,Member
848,Ahmed Chaudhry,ahmed.chaudhry51@yahoo.com,Member
727,Umar Chaudhry,umar.chaudhry4@yahoo.com,Member
169,Ali Khan,ali.khan8@yahoo.com,Video Admin
768,Hamza Khan,hamza.khan22@yahoo.com,Member
